{
"lengthUnit": "mil",
"components": {
	"fields": ["COMPONENT_NO", "COMPONENT_NAME", "LAYER", "X_COORDINATE", "Y_COORDINATE", "ANGLE"],
	"rows": [
		[1, "C1", "T", 241.22, -1517.2, 180],
		[2, "C2", "T", 306.22, -1727.2, 0],
		[3, "C3", "T", 273, -2205, 180],
		[4, "C4", "T", 2445, -770, 0],
		[5, "C5", "T", 2553.87, -1801.54, 90],
		[6, "C6", "T", 2459.87, -1801.71, 270],
		[7, "D5", "T", 2032, -2310, 90],
		[8, "F1", "T", 590, -700, 270],
		[9, "F2", "T", 205, -1190, 180],
		[10, "L1", "T", 2527.17, -2014.7, 90],
		[11, "L2", "T", 1727.17, -2014.7, 90],
		[12, "L3", "T", 2164.17, -2014.7, 90],
		[13, "PCB_A1", "T", 647.95, -1708.89, 0],
		[14, "PCB_B1", "T", 1389.17, -536.68, 0],
		[15, "Q1", "T", 1958.37, -2679.81, 180],
		[16, "R1", "T", 2423.7, -2017.2, 270],
		[17, "R2", "T", 420, -2515, 90],
		[18, "R3", "T", 1798.37, -2694.81, 90],
		[19, "R4", "T", 2133.37, -2664.81, 90],
		[20, "R5", "T", 2238.37, -2664.81, 270],
		[21, "R6", "T", 1843.37, -2344.8, 0],
		[22, "R7", "T", 2218.37, -2344.8, 180],
		[23, "R8", "T", 2060.7, -2017.2, 270],
		[24, "R9", "T", 1624, -2017.2, 270],
		[25, "R10", "T", 575, -2515, 270],
		[26, "R11", "T", 2279, -770, 180],
		[27, "R12", "T", 1573, -654, 270],
		[28, "R13", "T", 2045, -655, 90],
		[29, "R14", "T", 982.36, -2515, 270],
		[30, "R15", "T", 825, -2515, 270],
		[31, "R16", "T", 730, -2515, 270],
		[32, "SW1", "T", 2360, -645, 0],
		[33, "SW2", "T", 1465, -1125, 270],
		[34, "U1", "T", 2045, -1245, 180],
		[35, "U2", "T", 881.22, -1682.2, 270],
		[36, "U3", "T", 231.22, -1932.2, 0],
		[37, "U4", "T", 1633.37, -2539.8, 270],
		[38, "U5", "T", 2428.37, -2539.8, 90],
		[39, "U6", "T", 550, -168, 180],
		[40, "U7", "T", 1141.5, -168, 180],
		[41, "U8", "T", 747.5, -3198.5, 0],
		[42, "U9", "T", 157, -3198.5, 0],
		[43, "U10", "T", 2045, -1250, 180],
		[44, "U11", "T", 1809, -662, 0],
		[45, "VAR1", "T", 825, -740, 270],
		[46, "ZD1", "T", 2186.37, -2479.8, 0],
		[47, "ZD2", "T", 1868.37, -2542.2, 0],
		[48, "ZD3", "T", 1868.37, -2434.8, 0],
		[49, "PAD1", "T", 1583.37, -2390, 0],
		[50, "PAD1", "B", 1583.37, -2390, 0],
		[51, "PAD2", "T", 1683.37, -2390, 0],
		[52, "PAD2", "B", 1683.37, -2390, 0],
		[53, "PAD3", "T", 2527.2, -1973.3, 0],
		[54, "PAD3", "B", 2527.2, -1973.3, 0],
		[55, "PAD4", "T", 1727.17, -1973.3, 0],
		[56, "PAD4", "B", 1727.17, -1973.3, 0],
		[57, "PAD5", "T", 1727.17, -2056, 0],
		[58, "PAD5", "B", 1727.17, -2056, 0],
		[59, "PAD6", "T", 2164.18, -2056, 0],
		[60, "PAD6", "B", 2164.18, -2056, 0],
		[61, "PAD7", "T", 2164.5, -1973.3, 0],
		[62, "PAD7", "B", 2164.5, -1973.3, 0],
		[63, "PAD8", "T", 2378.37, -2390, 0],
		[64, "PAD8", "B", 2378.37, -2390, 0],
		[65, "PAD9", "T", 2478.4, -2390, 0],
		[66, "PAD9", "B", 2478.4, -2390, 0],
		[67, "PAD10", "T", 2478.37, -2690, 0],
		[68, "PAD10", "B", 2478.37, -2690, 0],
		[69, "PAD11", "T", 2378.37, -2690, 0],
		[70, "PAD11", "B", 2378.37, -2690, 0],
		[71, "PAD12", "T", 485, -798.4, 0],
		[72, "PAD12", "B", 485, -798.4, 0],
		[73, "PAD13", "T", 485, -601.6, 0],
		[74, "PAD13", "B", 485, -601.6, 0],
		[75, "PAD14", "T", 2527.2, -2056, 0],
		[76, "PAD14", "B", 2527.2, -2056, 0],
		[77, "PAD15", "T", 1683.37, -2690, 0],
		[78, "PAD15", "B", 1683.37, -2690, 0],
		[79, "PAD16", "T", 1583.38, -2690, 0],
		[80, "PAD16", "B", 1583.38, -2690, 0]
	]
},
"pins": {
	"fields": ["PIN_NO", "PIN_NAME", "PIN_X", "PIN_Y", "LAYER", "PIN_TYPE", "NET_NAME", "NET_TYPE", "PAD_SHAPE", "PAD_SIZEX", "PAD_SIZEY", "HOLE_SIZE", "PAD_ANGLE"],
	"rows": [
		[1, "C1_1", 346.34, -1517.21, "T", "SMD", "5V", "", "R", 137.79, 47.24, 0, 180],
		[2, "C1_2", 136.1, -1517.21, "T", "SMD", "GND", "GND", "R", 137.79, 47.24, 0, 180],
		[3, "C2_1", 266.85, -1727.21, "T", "SMD", "GND", "GND", "R", 55.51, 53.15, 0, 0],
		[4, "C2_2", 345.59, -1727.21, "T", "SMD", "5V", "", "R", 55.51, 53.15, 0, 0],
		[5, "C3_1", 357.5, -2205, "T", "SMD", "3.3V", "", "R", 116.3, 35.83, 0, 180],
		[6, "C3_2", 188.5, -2205, "T", "SMD", "GND", "GND", "R", 116.3, 35.83, 0, 180],
		[7, "C4_1", 2405.63, -770, "T", "SMD", "ESP_EN", "", "R", 55.51, 53.15, 0, 0],
		[8, "C4_2", 2484.37, -770, "T", "SMD", "GND", "GND", "R", 55.51, 53.15, 0, 0],
		[9, "C5_1", 2553.87, -1840.91, "T", "SMD", "GND", "GND", "R", 55.51, 53.15, 0, 90],
		[10, "C5_2", 2553.87, -1762.17, "T", "SMD", "3.3V_B", "", "R", 55.51, 53.15, 0, 90],
		[11, "C6_1", 2459.86, -1762.33, "T", "SMD", "3.3V_B", "", "R", 55.51, 53.15, 0, 270],
		[12, "C6_2", 2459.86, -1841.07, "T", "SMD", "GND", "GND", "R", 55.51, 53.15, 0, 270],
		[13, "D5_1", 2006.41, -2346.22, "T", "SMD", "OT_N", "", "R", 27.56, 16.54, 0, 90],
		[14, "D5_2", 2032, -2346.22, "T", "SMD", "OT_L", "", "R", 27.56, 16.54, 0, 90],
		[15, "D5_3", 2057.59, -2346.22, "T", "SMD", "OT_1_B", "", "R", 27.56, 16.54, 0, 90],
		[16, "D5_4", 2057.59, -2273.78, "T", "SMD", "OT_N", "", "R", 27.56, 16.54, 0, 90],
		[17, "D5_5", 2032, -2273.78, "T", "SMD", "OT_L", "", "R", 27.56, 16.54, 0, 90],
		[18, "D5_6", 2006.41, -2273.78, "T", "SMD", "OT_2_B", "", "R", 27.56, 16.54, 0, 90],
		[19, "F1_1", 590, -601.58, "T", "SMD", "L", "", "R", 78.74, 110.24, 0, 270],
		[20, "F1_2", 590, -798.42, "T", "SMD", "$6N2675", "", "R", 78.74, 110.24, 0, 270],
		[21, "F2_1", 277.97, -1190, "T", "SMD", "$6N2678", "", "R", 55.38, 137.76, 0, 180],
		[22, "F2_2", 132.03, -1190, "T", "SMD", "5V", "", "R", 55.38, 137.76, 0, 180],
		[23, "L1_1", 2527.17, -1973.36, "T", "SMD", "3.3V_B", "", "R", 45, 60, 0, 270],
		[24, "L1_2", 2527.17, -2056.05, "T", "SMD", "$3N8827", "", "R", 45, 60, 0, 270],
		[25, "L2_1", 1727.17, -1973.36, "T", "SMD", "LED2", "", "R", 45, 60, 0, 270],
		[26, "L2_2", 1727.17, -2056.05, "T", "SMD", "$3N8868", "", "R", 45, 60, 0, 270],
		[27, "L3_1", 2164.17, -1973.36, "T", "SMD", "LED3", "", "R", 45, 60, 0, 270],
		[28, "L3_2", 2164.17, -2056.05, "T", "SMD", "$3N8909", "", "R", 45, 60, 0, 270],
		[29, "PCB_A1_17", 60.55, -896.69, "T", "DIP", "GND", "GND", "C", 66.93, 66.93, 43.31, 270],
		[30, "PCB_A1_17", 60.55, -896.69, "B", "DIP", "GND", "GND", "C", 66.93, 66.93, 43.31, 270],
		[31, "PCB_A1_18", 60.55, -796.69, "T", "DIP", "GND", "GND", "C", 66.93, 66.93, 43.31, 270],
		[32, "PCB_A1_18", 60.55, -796.69, "B", "DIP", "GND", "GND", "C", 66.93, 66.93, 43.31, 270],
		[33, "PCB_A1_19", 60.55, -696.69, "T", "DIP", "PCB_A1_19", "", "C", 66.93, 66.93, 43.31, 270],
		[34, "PCB_A1_19", 60.55, -696.69, "B", "DIP", "PCB_A1_19", "", "C", 66.93, 66.93, 43.31, 270],
		[35, "PCB_A1_20", 60.56, -596.69, "T", "DIP", "PCB_A1_20", "", "R", 66.93, 66.93, 43.31, 270],
		[36, "PCB_A1_20", 60.56, -596.69, "B", "DIP", "PCB_A1_20", "", "R", 66.93, 66.93, 43.31, 270],
		[37, "PCB_A1_21", 1235.36, -596.69, "T", "DIP", "5V", "", "R", 55.12, 55.12, 35.43, 0],
		[38, "PCB_A1_21", 1235.36, -596.69, "B", "DIP", "5V", "", "R", 55.12, 55.12, 35.43, 0],
		[39, "PCB_A1_22", 1235.35, -696.69, "T", "DIP", "5V", "", "C", 55.12, 55.12, 35.43, 270],
		[40, "PCB_A1_22", 1235.35, -696.69, "B", "DIP", "5V", "", "C", 55.12, 55.12, 35.43, 270],
		[41, "PCB_A1_23", 1235.35, -796.69, "T", "DIP", "5V", "", "C", 55.12, 55.12, 35.43, 270],
		[42, "PCB_A1_23", 1235.35, -796.69, "B", "DIP", "5V", "", "C", 55.12, 55.12, 35.43, 270],
		[43, "PCB_A1_24", 1235.36, -2569.12, "T", "DIP", "3.3V", "", "R", 55.12, 55.12, 35.43, 0],
		[44, "PCB_A1_24", 1235.36, -2569.12, "B", "DIP", "3.3V", "", "R", 55.12, 55.12, 35.43, 0],
		[45, "PCB_A1_25", 1235.35, -2669.13, "T", "DIP", "3.3V", "", "C", 55.12, 55.12, 35.43, 270],
		[46, "PCB_A1_25", 1235.35, -2669.13, "B", "DIP", "3.3V", "", "C", 55.12, 55.12, 35.43, 270],
		[47, "PCB_A1_26", 1235.35, -2769.13, "T", "DIP", "GND", "GND", "C", 55.12, 55.12, 35.43, 270],
		[48, "PCB_A1_26", 1235.35, -2769.13, "B", "DIP", "GND", "GND", "C", 55.12, 55.12, 35.43, 270],
		[49, "PCB_A1_27", 60.55, -2769.13, "T", "DIP", "OT_1", "", "C", 55.12, 55.12, 35.43, 270],
		[50, "PCB_A1_27", 60.55, -2769.13, "B", "DIP", "OT_1", "", "C", 55.12, 55.12, 35.43, 270],
		[51, "PCB_A1_28", 60.55, -2669.13, "T", "DIP", "OT_2", "", "C", 55.12, 55.12, 35.43, 270],
		[52, "PCB_A1_28", 60.55, -2669.13, "B", "DIP", "OT_2", "", "C", 55.12, 55.12, 35.43, 270],
		[53, "PCB_A1_29", 60.56, -2569.12, "T", "DIP", "TEMP2", "", "C", 55.12, 55.12, 35.43, 0],
		[54, "PCB_A1_29", 60.56, -2569.12, "B", "DIP", "TEMP2", "", "C", 55.12, 55.12, 35.43, 0],
		[55, "PCB_A1_30", 60.55, -2469.13, "T", "DIP", "TEMP1", "", "C", 55.12, 55.12, 35.43, 0],
		[56, "PCB_A1_30", 60.55, -2469.13, "B", "DIP", "TEMP1", "", "C", 55.12, 55.12, 35.43, 0],
		[57, "PCB_A1_31", 60.55, -2369.13, "T", "DIP", "CC_IN_A", "", "C", 55.12, 55.12, 35.43, 0],
		[58, "PCB_A1_31", 60.55, -2369.13, "B", "DIP", "CC_IN_A", "", "C", 55.12, 55.12, 35.43, 0],
		[59, "PCB_A1_32", 60.55, -2269.13, "T", "DIP", "CC_OUT_A", "", "R", 55.12, 55.12, 35.43, 0],
		[60, "PCB_A1_32", 60.55, -2269.13, "B", "DIP", "CC_OUT_A", "", "R", 55.12, 55.12, 35.43, 0],
		[61, "PCB_B1_17", 1439.17, -896.69, "T", "DIP", "GND", "GND", "C", 66.93, 66.93, 43.31, 270],
		[62, "PCB_B1_17", 1439.17, -896.69, "B", "DIP", "GND", "GND", "C", 66.93, 66.93, 43.31, 270],
		[63, "PCB_B1_18", 1439.17, -796.69, "T", "DIP", "GND", "GND", "C", 66.93, 66.93, 43.31, 270],
		[64, "PCB_B1_18", 1439.17, -796.69, "B", "DIP", "GND", "GND", "C", 66.93, 66.93, 43.31, 270],
		[65, "PCB_B1_19", 1439.17, -696.69, "T", "DIP", "PCB_B1_19", "", "C", 66.93, 66.93, 43.31, 270],
		[66, "PCB_B1_19", 1439.17, -696.69, "B", "DIP", "PCB_B1_19", "", "C", 66.93, 66.93, 43.31, 270],
		[67, "PCB_B1_20", 1439.17, -596.69, "T", "DIP", "PCB_B1_20", "", "R", 66.93, 66.93, 43.31, 270],
		[68, "PCB_B1_20", 1439.17, -596.69, "B", "DIP", "PCB_B1_20", "", "R", 66.93, 66.93, 43.31, 270],
		[69, "PCB_B1_21", 2613.97, -596.69, "T", "DIP", "5V_B", "", "R", 55.12, 55.12, 35.43, 0],
		[70, "PCB_B1_21", 2613.97, -596.69, "B", "DIP", "5V_B", "", "R", 55.12, 55.12, 35.43, 0],
		[71, "PCB_B1_22", 2613.97, -696.69, "T", "DIP", "5V_B", "", "C", 55.12, 55.12, 35.43, 270],
		[72, "PCB_B1_22", 2613.97, -696.69, "B", "DIP", "5V_B", "", "C", 55.12, 55.12, 35.43, 270],
		[73, "PCB_B1_23", 2613.97, -796.69, "T", "DIP", "5V_B", "", "C", 55.12, 55.12, 35.43, 270],
		[74, "PCB_B1_23", 2613.97, -796.69, "B", "DIP", "5V_B", "", "C", 55.12, 55.12, 35.43, 270],
		[75, "PCB_B1_24", 2613.97, -2569.12, "T", "DIP", "3.3V_B", "", "R", 55.12, 55.12, 35.43, 0],
		[76, "PCB_B1_24", 2613.97, -2569.12, "B", "DIP", "3.3V_B", "", "R", 55.12, 55.12, 35.43, 0],
		[77, "PCB_B1_25", 2613.97, -2669.13, "T", "DIP", "3.3V_B", "", "C", 55.12, 55.12, 35.43, 270],
		[78, "PCB_B1_25", 2613.97, -2669.13, "B", "DIP", "3.3V_B", "", "C", 55.12, 55.12, 35.43, 270],
		[79, "PCB_B1_26", 2613.97, -2769.13, "T", "DIP", "GND", "GND", "C", 55.12, 55.12, 35.43, 270],
		[80, "PCB_B1_26", 2613.97, -2769.13, "B", "DIP", "GND", "GND", "C", 55.12, 55.12, 35.43, 270],
		[81, "PCB_B1_27", 1439.17, -2769.13, "T", "DIP", "OT_1_B", "", "C", 55.12, 55.12, 35.43, 270],
		[82, "PCB_B1_27", 1439.17, -2769.13, "B", "DIP", "OT_1_B", "", "C", 55.12, 55.12, 35.43, 270],
		[83, "PCB_B1_28", 1439.17, -2669.13, "T", "DIP", "OT_2_B", "", "C", 55.12, 55.12, 35.43, 270],
		[84, "PCB_B1_28", 1439.17, -2669.13, "B", "DIP", "OT_2_B", "", "C", 55.12, 55.12, 35.43, 270],
		[85, "PCB_B1_29", 1439.17, -2569.13, "T", "DIP", "TEMP2_B", "", "C", 55.12, 55.12, 35.43, 0],
		[86, "PCB_B1_29", 1439.17, -2569.13, "B", "DIP", "TEMP2_B", "", "C", 55.12, 55.12, 35.43, 0],
		[87, "PCB_B1_30", 1439.17, -2469.12, "T", "DIP", "TEMP1_B", "", "C", 55.12, 55.12, 35.43, 0],
		[88, "PCB_B1_30", 1439.17, -2469.12, "B", "DIP", "TEMP1_B", "", "C", 55.12, 55.12, 35.43, 0],
		[89, "PCB_B1_31", 1439.17, -2369.12, "T", "DIP", "CC_IN_B", "", "C", 55.12, 55.12, 35.43, 0],
		[90, "PCB_B1_31", 1439.17, -2369.12, "B", "DIP", "CC_IN_B", "", "C", 55.12, 55.12, 35.43, 0],
		[91, "PCB_B1_32", 1439.17, -2269.12, "T", "DIP", "CC_OUT_B", "", "R", 55.12, 55.12, 35.43, 0],
		[92, "PCB_B1_32", 1439.17, -2269.12, "B", "DIP", "CC_OUT_B", "", "R", 55.12, 55.12, 35.43, 0],
		[93, "Q1_1", 1909.75, -2642.4, "T", "SMD", "$3N977", "", "R", 42.13, 23.62, 0, 180],
		[94, "Q1_2", 1909.75, -2717.2, "T", "SMD", "OT_L", "", "R", 42.13, 23.62, 0, 180],
		[95, "Q1_3", 2007, -2679.81, "T", "SMD", "$3N979", "", "R", 42.13, 23.62, 0, 180],
		[96, "R1_1", 2423.7, -1977.83, "T", "SMD", "GND", "GND", "R", 44.59, 54.21, 0, 270],
		[97, "R1_2", 2423.7, -2056.57, "T", "SMD", "$3N8827", "", "R", 44.59, 54.21, 0, 270],
		[98, "R2_1", 420, -2554.37, "T", "SMD", "TEMP1", "", "R", 44.59, 54.21, 0, 90],
		[99, "R2_2", 420, -2475.63, "T", "SMD", "3.3V", "", "R", 44.59, 54.21, 0, 90],
		[100, "R3_1", 1798.37, -2734.18, "T", "SMD", "OT_L", "", "R", 44.59, 54.21, 0, 90],
		[101, "R3_2", 1798.37, -2655.43, "T", "SMD", "$3N977", "", "R", 44.59, 54.21, 0, 90],
		[102, "R4_1", 2133.37, -2704.18, "T", "SMD", "$3N974", "", "R", 44.59, 54.21, 0, 90],
		[103, "R4_2", 2133.37, -2625.43, "T", "SMD", "$3N979", "", "R", 44.59, 54.21, 0, 90],
		[104, "R5_1", 2238.37, -2625.43, "T", "SMD", "OT_N", "", "R", 44.59, 54.21, 0, 270],
		[105, "R5_2", 2238.37, -2704.18, "T", "SMD", "$3N974", "", "R", 44.59, 54.21, 0, 270],
		[106, "R6_1", 1804, -2344.8, "T", "SMD", "$3N973", "", "R", 44.59, 54.21, 0, 0],
		[107, "R6_2", 1882.74, -2344.8, "T", "SMD", "OT_OUT", "", "R", 44.59, 54.21, 0, 0],
		[108, "R7_1", 2257.74, -2344.8, "T", "SMD", "OT_IN", "", "R", 44.59, 54.21, 0, 180],
		[109, "R7_2", 2179, -2344.8, "T", "SMD", "GND", "GND", "R", 44.59, 54.21, 0, 180],
		[110, "R8_1", 2060.7, -1977.83, "T", "SMD", "GND", "GND", "R", 44.59, 54.21, 0, 270],
		[111, "R8_2", 2060.7, -2056.57, "T", "SMD", "$3N8909", "", "R", 44.59, 54.21, 0, 270],
		[112, "R9_1", 1624, -1977.83, "T", "SMD", "GND", "GND", "R", 44.59, 54.21, 0, 270],
		[113, "R9_2", 1624, -2056.57, "T", "SMD", "$3N8868", "", "R", 44.59, 54.21, 0, 270],
		[114, "R10_1", 575, -2475.63, "T", "SMD", "3.3V", "", "R", 44.59, 54.21, 0, 270],
		[115, "R10_2", 575, -2554.37, "T", "SMD", "TEMP2", "", "R", 44.59, 54.21, 0, 270],
		[116, "R11_1", 2318.37, -770, "T", "SMD", "ESP_EN", "", "R", 44.59, 54.21, 0, 180],
		[117, "R11_2", 2239.63, -770, "T", "SMD", "3.3V_B", "", "R", 44.59, 54.21, 0, 180],
		[118, "R12_1", 1573, -614.63, "T", "SMD", "USB_CC1", "", "R", 44.59, 54.21, 0, 270],
		[119, "R12_2", 1573, -693.37, "T", "SMD", "GND", "GND", "R", 44.59, 54.21, 0, 270],
		[120, "R13_1", 2045, -694.37, "T", "SMD", "USB_CC2", "", "R", 44.59, 54.21, 0, 90],
		[121, "R13_2", 2045, -615.63, "T", "SMD", "GND", "GND", "R", 44.59, 54.21, 0, 90],
		[122, "R14_1", 982.36, -2475.63, "T", "SMD", "CC_OUT_A", "", "R", 44.59, 54.21, 0, 270],
		[123, "R14_2", 982.36, -2554.37, "T", "SMD", "CC_OUT", "", "R", 44.59, 54.21, 0, 270],
		[124, "R15_1", 825, -2475.63, "T", "SMD", "CC_IN_A", "", "R", 44.59, 54.21, 0, 270],
		[125, "R15_2", 825, -2554.37, "T", "SMD", "CC_IN", "", "R", 44.59, 54.21, 0, 270],
		[126, "R16_1", 730, -2475.63, "T", "SMD", "CC_IN_A", "", "R", 44.59, 54.21, 0, 270],
		[127, "R16_2", 730, -2554.37, "T", "SMD", "GND", "GND", "R", 44.59, 54.21, 0, 270],
		[128, "SW1_1", 2273.98, -645, "T", "SMD", "ESP_EN", "", "R", 48.42, 53.54, 0, 0],
		[129, "SW1_2", 2446.02, -645, "T", "SMD", "GND", "GND", "R", 48.42, 53.54, 0, 0],
		[130, "SW2_1", 1465, -1038.98, "T", "SMD", "ESP_IO0", "", "R", 48.42, 53.54, 0, 270],
		[131, "SW2_2", 1465, -1211.02, "T", "SMD", "GND", "GND", "R", 48.42, 53.54, 0, 270],
		[132, "U1_1", 1595, -1595, "T", "DIP", "U1_1", "", "C", 59.37, 59.37, 39.36, 180],
		[133, "U1_1", 1595, -1595, "B", "DIP", "U1_1", "", "C", 59.37, 59.37, 39.36, 180],
		[134, "U1_2", 1595, -1495, "T", "DIP", "U1_2", "", "C", 59.37, 59.37, 39.36, 180],
		[135, "U1_2", 1595, -1495, "B", "DIP", "U1_2", "", "C", 59.37, 59.37, 39.36, 180],
		[136, "U1_3", 1595, -1395, "T", "DIP", "OT_OUT", "", "C", 59.37, 59.37, 39.36, 180],
		[137, "U1_3", 1595, -1395, "B", "DIP", "OT_OUT", "", "C", 59.37, 59.37, 39.36, 180],
		[138, "U1_4", 1595, -1295, "T", "DIP", "OT_IN", "", "C", 59.37, 59.37, 39.36, 180],
		[139, "U1_4", 1595, -1295, "B", "DIP", "OT_IN", "", "C", 59.37, 59.37, 39.36, 180],
		[140, "U1_5", 1595, -1195, "T", "DIP", "U1_5", "", "C", 59.37, 59.37, 39.36, 180],
		[141, "U1_5", 1595, -1195, "B", "DIP", "U1_5", "", "C", 59.37, 59.37, 39.36, 180],
		[142, "U1_6", 1595, -1095, "T", "DIP", "CC_OUT_B", "", "C", 59.37, 59.37, 39.36, 180],
		[143, "U1_6", 1595, -1095, "B", "DIP", "CC_OUT_B", "", "C", 59.37, 59.37, 39.36, 180],
		[144, "U1_7", 1595, -995, "T", "DIP", "GND", "GND", "C", 59.37, 59.37, 39.36, 180],
		[145, "U1_7", 1595, -995, "B", "DIP", "GND", "GND", "C", 59.37, 59.37, 39.36, 180],
		[146, "U1_8", 1595, -895, "T", "DIP", "U1_8", "", "C", 59.37, 59.37, 39.36, 180],
		[147, "U1_8", 1595, -895, "B", "DIP", "U1_8", "", "C", 59.37, 59.37, 39.36, 180],
		[148, "U1_9", 2495, -1595, "T", "DIP", "U1_9", "", "C", 59.37, 59.37, 39.36, 180],
		[149, "U1_9", 2495, -1595, "B", "DIP", "U1_9", "", "C", 59.37, 59.37, 39.36, 180],
		[150, "U1_10", 2495, -1495, "T", "DIP", "U1_10", "", "C", 59.37, 59.37, 39.36, 180],
		[151, "U1_10", 2495, -1495, "B", "DIP", "U1_10", "", "C", 59.37, 59.37, 39.36, 180],
		[152, "U1_11", 2495, -1395, "T", "DIP", "CC_IN_B", "", "C", 59.37, 59.37, 39.36, 180],
		[153, "U1_11", 2495, -1395, "B", "DIP", "CC_IN_B", "", "C", 59.37, 59.37, 39.36, 180],
		[154, "U1_12", 2495, -1295, "T", "DIP", "TEMP2_B", "", "C", 59.37, 59.37, 39.36, 180],
		[155, "U1_12", 2495, -1295, "B", "DIP", "TEMP2_B", "", "C", 59.37, 59.37, 39.36, 180],
		[156, "U1_13", 2495, -1195, "T", "DIP", "TEMP1_B", "", "C", 59.37, 59.37, 39.36, 180],
		[157, "U1_13", 2495, -1195, "B", "DIP", "TEMP1_B", "", "C", 59.37, 59.37, 39.36, 180],
		[158, "U1_14", 2495, -1095, "T", "DIP", "LED3", "", "C", 59.37, 59.37, 39.36, 180],
		[159, "U1_14", 2495, -1095, "B", "DIP", "LED3", "", "C", 59.37, 59.37, 39.36, 180],
		[160, "U1_15", 2495, -995, "T", "DIP", "LED2", "", "C", 59.37, 59.37, 39.36, 180],
		[161, "U1_15", 2495, -995, "B", "DIP", "LED2", "", "C", 59.37, 59.37, 39.36, 180],
		[162, "U1_16", 2495, -895, "T", "DIP", "3.3V_B", "", "C", 59.37, 59.37, 39.36, 180],
		[163, "U1_16", 2495, -895, "B", "DIP", "3.3V_B", "", "C", 59.37, 59.37, 39.36, 180],
		[164, "U2_1", 979.65, -1103.46, "T", "DIP", "N", "", "C", 78.74, 78.74, 47.24, 270],
		[165, "U2_1", 979.65, -1103.46, "B", "DIP", "N", "", "C", 78.74, 78.74, 47.24, 270],
		[166, "U2_2", 782.8, -1103.46, "T", "DIP", "$6N2675", "", "C", 78.74, 78.74, 47.24, 270],
		[167, "U2_2", 782.8, -1103.46, "B", "DIP", "$6N2675", "", "C", 78.74, 78.74, 47.24, 270],
		[168, "U2_3", 1184.37, -2260.94, "T", "DIP", "GND", "GND", "C", 78.74, 78.74, 47.24, 270],
		[169, "U2_3", 1184.37, -2260.94, "B", "DIP", "GND", "GND", "C", 78.74, 78.74, 47.24, 270],
		[170, "U2_4", 578.07, -2260.94, "T", "DIP", "$6N2678", "", "C", 78.74, 78.74, 47.24, 270],
		[171, "U2_4", 578.07, -2260.94, "B", "DIP", "$6N2678", "", "C", 78.74, 78.74, 47.24, 270],
		[172, "U3_1", 348.15, -2022.75, "T", "SMD", "GND", "GND", "R", 98.42, 43.31, 0, 0],
		[173, "U3_2", 348.15, -1932.21, "T", "SMD", "3.3V", "", "R", 98.42, 43.31, 0, 0],
		[174, "U3_3", 348.15, -1841.66, "T", "SMD", "5V", "", "R", 98.42, 43.31, 0, 0],
		[175, "U3_4", 114.29, -1932.21, "T", "SMD", "3.3V", "", "R", 92.13, 141.73, 0, 0],
		[176, "U4_1", 1683.38, -2342.96, "T", "SMD", "$3N973", "", "R", 70.87, 62.99, 0, 270],
		[177, "U4_2", 1583.38, -2342.96, "T", "SMD", "GND", "GND", "R", 70.87, 62.99, 0, 270],
		[178, "U4_3", 1583.38, -2736.65, "T", "SMD", "$3N976", "", "R", 70.87, 62.99, 0, 270],
		[179, "U4_4", 1683.38, -2736.65, "T", "SMD", "$3N977", "", "R", 70.87, 62.99, 0, 270],
		[180, "U5_1", 2378.37, -2736.65, "T", "SMD", "$3N974", "", "R", 70.87, 62.99, 0, 90],
		[181, "U5_2", 2478.37, -2736.65, "T", "SMD", "OT_N", "", "R", 70.87, 62.99, 0, 90],
		[182, "U5_3", 2478.37, -2342.96, "T", "SMD", "OT_IN", "", "R", 70.87, 62.99, 0, 90],
		[183, "U5_4", 2378.37, -2342.96, "T", "SMD", "3.3V_B", "", "R", 70.87, 62.99, 0, 90],
		[184, "U6_1", 550, -168, "T", "DIP", "U6_1", "", "C", 96, 96, 55.1, 180],
		[185, "U6_1", 550, -168, "B", "DIP", "U6_1", "", "C", 96, 96, 55.1, 180],
		[186, "U6_2", 353.15, -168, "T", "DIP", "N", "", "C", 96, 96, 55.1, 180],
		[187, "U6_2", 353.15, -168, "B", "DIP", "N", "", "C", 96, 96, 55.1, 180],
		[188, "U6_3", 156.3, -168, "T", "DIP", "L", "", "C", 96, 96, 55.1, 180],
		[189, "U6_3", 156.3, -168, "B", "DIP", "L", "", "C", 96, 96, 55.1, 180],
		[190, "U7_1", 1141.5, -168, "T", "DIP", "5V", "", "C", 96, 96, 55.1, 180],
		[191, "U7_1", 1141.5, -168, "B", "DIP", "5V", "", "C", 96, 96, 55.1, 180],
		[192, "U7_2", 944.65, -168, "T", "DIP", "3.3V", "", "C", 96, 96, 55.1, 180],
		[193, "U7_2", 944.65, -168, "B", "DIP", "3.3V", "", "C", 96, 96, 55.1, 180],
		[194, "U7_3", 747.8, -168, "T", "DIP", "GND", "GND", "C", 96, 96, 55.1, 180],
		[195, "U7_3", 747.8, -168, "B", "DIP", "GND", "GND", "C", 96, 96, 55.1, 180],
		[196, "U8_1", 747.5, -3198.5, "T", "DIP", "TEMP2", "", "C", 96, 96, 55.1, 0],
		[197, "U8_1", 747.5, -3198.5, "B", "DIP", "TEMP2", "", "C", 96, 96, 55.1, 0],
		[198, "U8_2", 944.35, -3198.5, "T", "DIP", "CC_IN", "", "C", 96, 96, 55.1, 0],
		[199, "U8_2", 944.35, -3198.5, "B", "DIP", "CC_IN", "", "C", 96, 96, 55.1, 0],
		[200, "U8_3", 1141.2, -3198.5, "T", "DIP", "CC_OUT", "", "C", 96, 96, 55.1, 0],
		[201, "U8_3", 1141.2, -3198.5, "B", "DIP", "CC_OUT", "", "C", 96, 96, 55.1, 0],
		[202, "U9_1", 157, -3198.5, "T", "DIP", "OT_1", "", "C", 96, 96, 55.1, 0],
		[203, "U9_1", 157, -3198.5, "B", "DIP", "OT_1", "", "C", 96, 96, 55.1, 0],
		[204, "U9_2", 353.85, -3198.5, "T", "DIP", "OT_2", "", "C", 96, 96, 55.1, 0],
		[205, "U9_2", 353.85, -3198.5, "B", "DIP", "OT_2", "", "C", 96, 96, 55.1, 0],
		[206, "U9_3", 550.7, -3198.5, "T", "DIP", "TEMP1", "", "C", 96, 96, 55.1, 0],
		[207, "U9_3", 550.7, -3198.5, "B", "DIP", "TEMP1", "", "C", 96, 96, 55.1, 0],
		[208, "U10_1", 2389.49, -1600.19, "T", "SMD", "GND", "GND", "R", 59.05, 35.43, 0, 180],
		[209, "U10_2", 2389.49, -1550.19, "T", "SMD", "3.3V_B", "", "R", 59.05, 35.43, 0, 180],
		[210, "U10_3", 2389.49, -1500.19, "T", "SMD", "ESP_EN", "", "R", 59.05, 35.43, 0, 180],
		[211, "U10_4", 2389.49, -1450.19, "T", "SMD", "CC_IN_B", "", "R", 59.05, 35.43, 0, 180],
		[212, "U10_5", 2389.49, -1400.19, "T", "SMD", "U10_5", "", "R", 59.05, 35.43, 0, 180],
		[213, "U10_6", 2389.49, -1350.19, "T", "SMD", "U10_6", "", "R", 59.05, 35.43, 0, 180],
		[214, "U10_7", 2389.49, -1300.19, "T", "SMD", "U10_7", "", "R", 59.05, 35.43, 0, 180],
		[215, "U10_8", 2389.49, -1250.2, "T", "SMD", "U10_8", "", "R", 59.05, 35.43, 0, 180],
		[216, "U10_9", 2389.49, -1200.2, "T", "SMD", "CC_OUT_B", "", "R", 59.05, 35.43, 0, 180],
		[217, "U10_10", 2389.49, -1150.2, "T", "SMD", "U10_10", "", "R", 59.05, 35.43, 0, 180],
		[218, "U10_11", 2389.49, -1100.2, "T", "SMD", "U10_11", "", "R", 59.05, 35.43, 0, 180],
		[219, "U10_12", 2389.49, -1050.2, "T", "SMD", "U10_12", "", "R", 59.05, 35.43, 0, 180],
		[220, "U10_13", 2389.49, -1000.2, "T", "SMD", "USB_D-", "", "R", 59.05, 35.43, 0, 180],
		[221, "U10_14", 2389.49, -950.2, "T", "SMD", "USB_D+", "", "R", 59.05, 35.43, 0, 180],
		[222, "U10_15", 2320, -899.81, "T", "SMD", "U10_15", "", "R", 59.05, 35.43, 0, 270],
		[223, "U10_16", 2270, -899.81, "T", "SMD", "U10_16", "", "R", 59.05, 35.43, 0, 270],
		[224, "U10_17", 2220, -899.81, "T", "SMD", "U10_17", "", "R", 59.05, 35.43, 0, 270],
		[225, "U10_18", 2170, -899.81, "T", "SMD", "LED2", "", "R", 59.05, 35.43, 0, 270],
		[226, "U10_19", 2120, -899.81, "T", "SMD", "LED3", "", "R", 59.05, 35.43, 0, 270],
		[227, "U10_20", 2070, -899.81, "T", "SMD", "TEMP2_B", "", "R", 59.05, 35.43, 0, 270],
		[228, "U10_21", 2020, -899.81, "T", "SMD", "TEMP1_B", "", "R", 59.05, 35.43, 0, 270],
		[229, "U10_22", 1970, -899.81, "T", "SMD", "U10_22", "", "R", 59.05, 35.43, 0, 270],
		[230, "U10_23", 1920, -899.81, "T", "SMD", "U10_23", "", "R", 59.05, 35.43, 0, 270],
		[231, "U10_24", 1870, -899.81, "T", "SMD", "U10_24", "", "R", 59.05, 35.43, 0, 270],
		[232, "U10_25", 1820, -899.81, "T", "SMD", "U10_25", "", "R", 59.05, 35.43, 0, 270],
		[233, "U10_26", 1770, -900.99, "T", "SMD", "U10_26", "", "R", 59.05, 35.43, 0, 270],
		[234, "U10_27", 1700.51, -950.2, "T", "SMD", "ESP_IO0", "", "R", 59.05, 35.43, 0, 0],
		[235, "U10_28", 1700.51, -1000.2, "T", "SMD", "OT_IN", "", "R", 59.05, 35.43, 0, 0],
		[236, "U10_29", 1700.51, -1050.2, "T", "SMD", "OT_OUT", "", "R", 59.05, 35.43, 0, 0],
		[237, "U10_30", 1700.51, -1100.2, "T", "SMD", "U10_30", "", "R", 59.05, 35.43, 0, 0],
		[238, "U10_31", 1700.51, -1150.2, "T", "SMD", "U10_31", "", "R", 59.05, 35.43, 0, 0],
		[239, "U10_32", 1700.51, -1200.2, "T", "SMD", "U10_32", "", "R", 59.05, 35.43, 0, 0],
		[240, "U10_33", 1700.51, -1250.2, "T", "SMD", "U10_33", "", "R", 59.05, 35.43, 0, 0],
		[241, "U10_34", 1700.51, -1300.19, "T", "SMD", "U10_34", "", "R", 59.05, 35.43, 0, 0],
		[242, "U10_35", 1700.51, -1350.19, "T", "SMD", "U10_35", "", "R", 59.05, 35.43, 0, 0],
		[243, "U10_36", 1700.51, -1400.19, "T", "SMD", "U10_36", "", "R", 59.05, 35.43, 0, 0],
		[244, "U10_37", 1700.51, -1450.19, "T", "SMD", "U10_37", "", "R", 59.05, 35.43, 0, 0],
		[245, "U10_38", 1700.51, -1500.19, "T", "SMD", "U10_38", "", "R", 59.05, 35.43, 0, 0],
		[246, "U10_39", 1700.51, -1550.19, "T", "SMD", "U10_39", "", "R", 59.05, 35.43, 0, 0],
		[247, "U10_40", 1700.51, -1600.19, "T", "SMD", "GND", "GND", "R", 59.05, 35.43, 0, 0],
		[248, "U10_41", 2104.06, -1296.25, "T", "SMD", "GND", "GND", "R", 35.43, 35.43, 0, 270],
		[249, "U10_41", 2159.18, -1296.25, "T", "SMD", "GND", "GND", "R", 35.43, 35.43, 0, 270],
		[250, "U10_41", 2048.94, -1296.25, "T", "SMD", "GND", "GND", "R", 35.43, 35.43, 0, 270],
		[251, "U10_41", 2048.94, -1351.38, "T", "SMD", "GND", "GND", "R", 35.43, 35.43, 0, 270],
		[252, "U10_41", 2104.06, -1351.38, "T", "SMD", "GND", "GND", "R", 35.43, 35.43, 0, 270],
		[253, "U10_41", 2159.18, -1351.38, "T", "SMD", "GND", "GND", "R", 35.43, 35.43, 0, 270],
		[254, "U10_41", 2159.18, -1241.13, "T", "SMD", "GND", "GND", "R", 35.43, 35.43, 0, 270],
		[255, "U10_41", 2104.06, -1241.13, "T", "SMD", "GND", "GND", "R", 35.43, 35.43, 0, 270],
		[256, "U10_41", 2048.94, -1241.13, "T", "SMD", "GND", "GND", "R", 35.43, 35.43, 0, 270],
		[257, "U11_0", 1730.25, -737.98, "T", "DIP", "GND", "GND", "O", 39.37, 78.74, 66.93, 90],
		[258, "U11_0", 1730.25, -737.98, "B", "DIP", "GND", "GND", "O", 39.37, 78.74, 66.93, 90],
		[259, "U11_0", 1887.74, -737.98, "T", "DIP", "GND", "GND", "O", 39.37, 78.74, 66.93, 90],
		[260, "U11_0", 1887.74, -737.98, "B", "DIP", "GND", "GND", "O", 39.37, 78.74, 66.93, 90],
		[261, "U11_0", 1730.25, -586.02, "T", "DIP", "GND", "GND", "O", 39.37, 78.74, 66.93, 90],
		[262, "U11_0", 1730.25, -586.02, "B", "DIP", "GND", "GND", "O", 39.37, 78.74, 66.93, 90],
		[263, "U11_0", 1887.74, -586.02, "T", "DIP", "GND", "GND", "O", 39.37, 78.74, 66.93, 90],
		[264, "U11_0", 1887.74, -586.02, "B", "DIP", "GND", "GND", "O", 39.37, 78.74, 66.93, 90],
		[265, "U11_A1", 1681.05, -634.44, "T", "DIP", "GND", "GND", "R", 23.62, 23.62, 17.72, 0],
		[266, "U11_A1", 1681.05, -634.44, "B", "DIP", "GND", "GND", "R", 23.62, 23.62, 17.72, 0],
		[267, "U11_A12", 1936.95, -634.44, "T", "DIP", "GND", "GND", "R", 23.62, 23.62, 17.72, 0],
		[268, "U11_A12", 1936.95, -634.44, "B", "DIP", "GND", "GND", "R", 23.62, 23.62, 17.72, 0],
		[269, "U11_A4", 1718.45, -634.44, "T", "DIP", "5V_B", "", "R", 23.62, 23.62, 17.72, 0],
		[270, "U11_A4", 1718.45, -634.44, "B", "DIP", "5V_B", "", "R", 23.62, 23.62, 17.72, 0],
		[271, "U11_A5", 1755.85, -634.44, "T", "DIP", "USB_CC1", "", "R", 23.62, 23.62, 17.72, 0],
		[272, "U11_A5", 1755.85, -634.44, "B", "DIP", "USB_CC1", "", "R", 23.62, 23.62, 17.72, 0],
		[273, "U11_A6", 1791.28, -634.44, "T", "DIP", "USB_D+", "", "R", 23.62, 23.62, 17.72, 0],
		[274, "U11_A6", 1791.28, -634.44, "B", "DIP", "USB_D+", "", "R", 23.62, 23.62, 17.72, 0],
		[275, "U11_A7", 1826.72, -634.44, "T", "DIP", "USB_D-", "", "R", 23.62, 23.62, 17.72, 0],
		[276, "U11_A7", 1826.72, -634.44, "B", "DIP", "USB_D-", "", "R", 23.62, 23.62, 17.72, 0],
		[277, "U11_A9", 1899.55, -634.44, "T", "DIP", "5V_B", "", "R", 23.62, 23.62, 17.72, 0],
		[278, "U11_A9", 1899.55, -634.44, "B", "DIP", "5V_B", "", "R", 23.62, 23.62, 17.72, 0],
		[279, "U11_B1", 1936.95, -689.56, "T", "DIP", "GND", "GND", "R", 23.62, 23.62, 17.72, 0],
		[280, "U11_B1", 1936.95, -689.56, "B", "DIP", "GND", "GND", "R", 23.62, 23.62, 17.72, 0],
		[281, "U11_B12", 1681.05, -689.56, "T", "DIP", "GND", "GND", "R", 23.62, 23.62, 17.72, 0],
		[282, "U11_B12", 1681.05, -689.56, "B", "DIP", "GND", "GND", "R", 23.62, 23.62, 17.72, 0],
		[283, "U11_B4", 1899.55, -689.56, "T", "DIP", "5V_B", "", "R", 23.62, 23.62, 17.72, 0],
		[284, "U11_B4", 1899.55, -689.56, "B", "DIP", "5V_B", "", "R", 23.62, 23.62, 17.72, 0],
		[285, "U11_B5", 1862.15, -689.56, "T", "DIP", "USB_CC2", "", "R", 23.62, 23.62, 17.72, 0],
		[286, "U11_B5", 1862.15, -689.56, "B", "DIP", "USB_CC2", "", "R", 23.62, 23.62, 17.72, 0],
		[287, "U11_B6", 1826.72, -689.56, "T", "DIP", "USB_D+", "", "R", 23.62, 23.62, 17.72, 0],
		[288, "U11_B6", 1826.72, -689.56, "B", "DIP", "USB_D+", "", "R", 23.62, 23.62, 17.72, 0],
		[289, "U11_B7", 1791.28, -689.56, "T", "DIP", "USB_D-", "", "R", 23.62, 23.62, 17.72, 0],
		[290, "U11_B7", 1791.28, -689.56, "B", "DIP", "USB_D-", "", "R", 23.62, 23.62, 17.72, 0],
		[291, "U11_B9", 1718.45, -689.56, "T", "DIP", "5V_B", "", "R", 23.62, 23.62, 17.72, 0],
		[292, "U11_B9", 1718.45, -689.56, "B", "DIP", "5V_B", "", "R", 23.62, 23.62, 17.72, 0],
		[293, "VAR1_1", 868.31, -592.4, "T", "DIP", "N", "", "C", 78.74, 78.74, 47.24, 270],
		[294, "VAR1_1", 868.31, -592.4, "B", "DIP", "N", "", "C", 78.74, 78.74, 47.24, 270],
		[295, "VAR1_2", 781.69, -887.6, "T", "DIP", "$6N2675", "", "C", 78.74, 78.74, 47.24, 270],
		[296, "VAR1_2", 781.69, -887.6, "B", "DIP", "$6N2675", "", "C", 78.74, 78.74, 47.24, 270],
		[297, "ZD1_1", 2116.88, -2479.8, "T", "SMD", "$3N979", "", "R", 56.69, 63.78, 0, 0],
		[298, "ZD1_2", 2255.86, -2479.8, "T", "SMD", "OT_N", "", "R", 56.69, 63.78, 0, 0],
		[299, "ZD2_1", 1798.88, -2542.2, "T", "SMD", "$3N977", "", "R", 56.69, 63.78, 0, 0],
		[300, "ZD2_2", 1937.86, -2542.2, "T", "SMD", "OT_N", "", "R", 56.69, 63.78, 0, 0],
		[301, "ZD3_1", 1798.88, -2434.8, "T", "SMD", "$3N976", "", "R", 56.69, 63.78, 0, 0],
		[302, "ZD3_2", 1937.86, -2434.8, "T", "SMD", "OT_N", "", "R", 56.69, 63.78, 0, 0],
		[303, "PAD1_30", 1583.37, -2390, "T", "DIP", "GND", "GND", "C", 60, 60, 36, 0],
		[304, "PAD1_30", 1583.37, -2390, "B", "DIP", "GND", "GND", "C", 60, 60, 36, 0],
		[305, "PAD2_31", 1683.37, -2390, "T", "DIP", "$3N973", "", "C", 60, 60, 36, 0],
		[306, "PAD2_31", 1683.37, -2390, "B", "DIP", "$3N973", "", "C", 60, 60, 36, 0],
		[307, "PAD3_40", 2527.2, -1973.3, "T", "DIP", "3.3V_B", "", "C", 42, 42, 30, 270],
		[308, "PAD3_40", 2527.2, -1973.3, "B", "DIP", "3.3V_B", "", "C", 42, 42, 30, 270],
		[309, "PAD4_42", 1727.17, -1973.3, "T", "DIP", "LED2", "", "C", 42, 42, 30, 270],
		[310, "PAD4_42", 1727.17, -1973.3, "B", "DIP", "LED2", "", "C", 42, 42, 30, 270],
		[311, "PAD5_43", 1727.17, -2056, "T", "DIP", "$3N8868", "", "C", 42, 42, 30, 270],
		[312, "PAD5_43", 1727.17, -2056, "B", "DIP", "$3N8868", "", "C", 42, 42, 30, 270],
		[313, "PAD6_44", 2164.18, -2056, "T", "DIP", "$3N8909", "", "C", 42, 42, 30, 270],
		[314, "PAD6_44", 2164.18, -2056, "B", "DIP", "$3N8909", "", "C", 42, 42, 30, 270],
		[315, "PAD7_45", 2164.5, -1973.3, "T", "DIP", "LED3", "", "C", 42, 42, 30, 270],
		[316, "PAD7_45", 2164.5, -1973.3, "B", "DIP", "LED3", "", "C", 42, 42, 30, 270],
		[317, "PAD8_34", 2378.37, -2390, "T", "DIP", "3.3V_B", "", "C", 60, 60, 36, 0],
		[318, "PAD8_34", 2378.37, -2390, "B", "DIP", "3.3V_B", "", "C", 60, 60, 36, 0],
		[319, "PAD9_35", 2478.4, -2390, "T", "DIP", "OT_IN", "", "C", 60, 60, 36, 0],
		[320, "PAD9_35", 2478.4, -2390, "B", "DIP", "OT_IN", "", "C", 60, 60, 36, 0],
		[321, "PAD10_37", 2478.37, -2690, "T", "DIP", "OT_N", "", "C", 60, 60, 36, 0],
		[322, "PAD10_37", 2478.37, -2690, "B", "DIP", "OT_N", "", "C", 60, 60, 36, 0],
		[323, "PAD11_36", 2378.37, -2690, "T", "DIP", "$3N974", "", "C", 60, 60, 36, 0],
		[324, "PAD11_36", 2378.37, -2690, "B", "DIP", "$3N974", "", "C", 60, 60, 36, 0],
		[325, "PAD12_2", 485, -798.4, "T", "DIP", "$6N2675", "", "C", 78, 78, 47, 0],
		[326, "PAD12_2", 485, -798.4, "B", "DIP", "$6N2675", "", "C", 78, 78, 47, 0],
		[327, "PAD13_1", 485, -601.6, "T", "DIP", "L", "", "C", 78, 78, 47, 0],
		[328, "PAD13_1", 485, -601.6, "B", "DIP", "L", "", "C", 78, 78, 47, 0],
		[329, "PAD14_41", 2527.2, -2056, "T", "DIP", "$3N8827", "", "C", 42, 42, 30, 270],
		[330, "PAD14_41", 2527.2, -2056, "B", "DIP", "$3N8827", "", "C", 42, 42, 30, 270],
		[331, "PAD15_1", 1683.37, -2690, "T", "DIP", "$3N977", "", "C", 60, 60, 36, 0],
		[332, "PAD15_1", 1683.37, -2690, "B", "DIP", "$3N977", "", "C", 60, 60, 36, 0],
		[333, "PAD16_2", 1583.38, -2690, "T", "DIP", "$3N976", "", "C", 60, 60, 36, 0],
		[334, "PAD16_2", 1583.38, -2690, "B", "DIP", "$3N976", "", "C", 60, 60, 36, 0]
	]
}
}