{
"lengthUnit": "mil",
"components": {
	"fields": ["COMPONENT_NO", "COMPONENT_NAME", "LAYER", "X_COORDINATE", "Y_COORDINATE", "ANGLE"],
	"rows": [
		[1, "C1", "T", 241.22, -1517.2, 180],
		[2, "C2", "T", 306.22, -1727.2, 0],
		[3, "C3", "T", 200, -2205, 180],
		[4, "D1", "T", 1919.17, -2742.2, 270],
		[5, "D2", "T", 2319.17, -2742.2, 270],
		[6, "D3", "T", 1719.17, -2742.2, 90],
		[7, "D4", "T", 2119.17, -2742.2, 90],
		[8, "F1", "T", 510, -700, 270],
		[9, "F2", "T", 216.5, -1200, 180],
		[10, "L1", "T", 2527.17, -2014.7, 90],
		[11, "L2", "T", 1727.17, -2014.7, 90],
		[12, "L3", "T", 2164.17, -2014.7, 90],
		[13, "PCB_A1", "T", 647.95, -1708.89, 0],
		[14, "PCB_B1", "T", 1389.17, -536.68, 0],
		[15, "Q1", "T", 1953.37, -2544.8, 180],
		[16, "R1", "T", 2423.67, -2017.2, 270],
		[17, "R2", "T", 420, -2515, 90],
		[18, "R3", "T", 1793.37, -2559.8, 90],
		[19, "R4", "T", 2128.37, -2529.8, 90],
		[20, "R5", "T", 2233.37, -2529.8, 270],
		[21, "R6", "T", 1838.37, -2209.8, 0],
		[22, "R7", "T", 2213.37, -2209.8, 180],
		[23, "R8", "T", 2060.67, -2017.2, 90],
		[24, "R9", "T", 1624.17, -2017.2, 90],
		[25, "R10", "T", 575, -2515, 270],
		[26, "U1", "T", 2045, -1245, 180],
		[27, "U2", "T", 881.22, -1682.2, 270],
		[28, "U3", "T", 231.22, -1932.2, 0],
		[29, "U4", "T", 1628.37, -2404.8, 270],
		[30, "U5", "T", 2423.37, -2404.8, 90],
		[31, "U6", "T", 550, -168, 180],
		[32, "U7", "T", 1141.5, -168, 180],
		[33, "U8", "T", 747.5, -3198.5, 0],
		[34, "U9", "T", 157, -3198.5, 0],
		[35, "VAR1", "T", 845, -730, 270],
		[36, "ZD1", "T", 2181.37, -2344.8, 0],
		[37, "ZD2", "T", 1863.37, -2407.2, 0],
		[38, "ZD3", "T", 1863.37, -2299.8, 0],
		[39, "PAD1", "T", 1578.37, -2255, 0],
		[40, "PAD1", "B", 1578.37, -2255, 0],
		[41, "PAD2", "T", 1678.37, -2255, 0],
		[42, "PAD2", "B", 1678.37, -2255, 0],
		[43, "PAD3", "T", 1578.37, -2555, 0],
		[44, "PAD3", "B", 1578.37, -2555, 0],
		[45, "PAD4", "T", 1678.37, -2555, 0],
		[46, "PAD4", "B", 1678.37, -2555, 0],
		[47, "PAD5", "T", 2373.37, -2255, 0],
		[48, "PAD5", "B", 2373.37, -2255, 0],
		[49, "PAD6", "T", 2473.4, -2255, 0],
		[50, "PAD6", "B", 2473.4, -2255, 0],
		[51, "PAD7", "T", 2373.37, -2555, 0],
		[52, "PAD7", "B", 2373.37, -2555, 0],
		[53, "PAD8", "T", 2473.37, -2555, 0],
		[54, "PAD8", "B", 2473.37, -2555, 0],
		[55, "PAD9", "T", 143.5, -1200.01, 0],
		[56, "PAD9", "B", 143.5, -1200.01, 0],
		[57, "PAD10", "T", 289.5, -1200.01, 0],
		[58, "PAD10", "B", 289.5, -1200.01, 0],
		[59, "PAD11", "T", 2527.17, -1971.39, 0],
		[60, "PAD11", "B", 2527.17, -1971.39, 0],
		[61, "PAD12", "T", 2527.17, -2058.02, 0],
		[62, "PAD12", "B", 2527.17, -2058.02, 0],
		[63, "PAD13", "T", 1727.17, -1971.4, 0],
		[64, "PAD13", "B", 1727.17, -1971.4, 0],
		[65, "PAD14", "T", 1727.17, -2058.02, 0],
		[66, "PAD14", "B", 1727.17, -2058.02, 0],
		[67, "PAD15", "T", 2164.18, -2058.02, 0],
		[68, "PAD15", "B", 2164.18, -2058.02, 0],
		[69, "PAD16", "T", 2164.5, -1971.5, 0],
		[70, "PAD16", "B", 2164.5, -1971.5, 0]
	]
},
"pins": {
	"fields": ["PIN_NO", "PIN_NAME", "PIN_X", "PIN_Y", "LAYER", "PIN_TYPE", "NET_NAME", "NET_TYPE", "PAD_SHAPE", "PAD_SIZEX", "PAD_SIZEY", "HOLE_SIZE", "PAD_ANGLE"],
	"rows": [
		[1, "C1_1", 346.34, -1517.21, "T", "SMD", "5V", "", "R", 137.79, 47.24, 0, 180],
		[2, "C1_2", 136.1, -1517.21, "T", "SMD", "GND", "GND", "R", 137.79, 47.24, 0, 180],
		[3, "C2_1", 266.85, -1727.21, "T", "SMD", "GND", "GND", "R", 55.51, 53.15, 0, 0],
		[4, "C2_2", 345.59, -1727.21, "T", "SMD", "5V", "", "R", 55.51, 53.15, 0, 0],
		[5, "C3_1", 294.49, -2205, "T", "SMD", "3.3V", "", "R", 106.3, 35.83, 0, 180],
		[6, "C3_2", 105.51, -2205, "T", "SMD", "GND", "GND", "R", 106.3, 35.83, 0, 180],
		[7, "D1_1", 1919.17, -2696.04, "T", "SMD", "$3N978", "", "R", 39.37, 29.53, 0, 270],
		[8, "D1_2", 1919.17, -2788.37, "T", "SMD", "OT_1_B", "", "R", 39.37, 29.53, 0, 270],
		[9, "D2_1", 2319.17, -2696.04, "T", "SMD", "$3N978", "", "R", 39.37, 29.53, 0, 270],
		[10, "D2_2", 2319.17, -2788.37, "T", "SMD", "OT_2_B", "", "R", 39.37, 29.53, 0, 270],
		[11, "D3_1", 1719.17, -2788.37, "T", "SMD", "OT_1_B", "", "R", 39.37, 29.53, 0, 90],
		[12, "D3_2", 1719.17, -2696.04, "T", "SMD", "$3N975", "", "R", 39.37, 29.53, 0, 90],
		[13, "D4_1", 2119.17, -2788.37, "T", "SMD", "OT_2_B", "", "R", 39.37, 29.53, 0, 90],
		[14, "D4_2", 2119.17, -2696.04, "T", "SMD", "$3N975", "", "R", 39.37, 29.53, 0, 90],
		[15, "F1_1", 510, -599.61, "T", "DIP", "L", "", "C", 60, 60, 36, 270],
		[16, "F1_1", 510, -599.61, "B", "DIP", "L", "", "C", 60, 60, 36, 270],
		[17, "F1_2", 510, -800.39, "T", "DIP", "$2N2675", "", "C", 60, 60, 36, 270],
		[18, "F1_2", 510, -800.39, "B", "DIP", "$2N2675", "", "C", 60, 60, 36, 270],
		[19, "F2_1", 289.47, -1200, "T", "SMD", "$2N2678", "", "R", 55.38, 137.76, 0, 180],
		[20, "F2_2", 143.53, -1200, "T", "SMD", "5V", "", "R", 55.38, 137.76, 0, 180],
		[21, "L1_1", 2527.17, -2058.02, "T", "SMD", "$3N1000", "", "R", 39.37, 49.21, 0, 270],
		[22, "L1_2", 2527.17, -1971.4, "T", "SMD", "3.3V_B", "", "R", 39.37, 49.21, 0, 270],
		[23, "L2_1", 1727.17, -2058.02, "T", "SMD", "$3N998", "", "R", 39.37, 49.21, 0, 270],
		[24, "L2_2", 1727.17, -1971.4, "T", "SMD", "$3N983", "", "R", 39.37, 49.21, 0, 270],
		[25, "L3_1", 2164.17, -2058.02, "T", "SMD", "$3N999", "", "R", 39.37, 49.21, 0, 270],
		[26, "L3_2", 2164.17, -1971.4, "T", "SMD", "$3N984", "", "R", 39.37, 49.21, 0, 270],
		[27, "PCB_A1_17", 60.55, -896.69, "T", "DIP", "GND", "GND", "C", 66.93, 66.93, 43.31, 270],
		[28, "PCB_A1_17", 60.55, -896.69, "B", "DIP", "GND", "GND", "C", 66.93, 66.93, 43.31, 270],
		[29, "PCB_A1_18", 60.55, -796.69, "T", "DIP", "GND", "GND", "C", 66.93, 66.93, 43.31, 270],
		[30, "PCB_A1_18", 60.55, -796.69, "B", "DIP", "GND", "GND", "C", 66.93, 66.93, 43.31, 270],
		[31, "PCB_A1_19", 60.55, -696.69, "T", "DIP", "PCB_A1_19", "", "C", 66.93, 66.93, 43.31, 270],
		[32, "PCB_A1_19", 60.55, -696.69, "B", "DIP", "PCB_A1_19", "", "C", 66.93, 66.93, 43.31, 270],
		[33, "PCB_A1_20", 60.56, -596.69, "T", "DIP", "PCB_A1_20", "", "R", 66.93, 66.93, 43.31, 270],
		[34, "PCB_A1_20", 60.56, -596.69, "B", "DIP", "PCB_A1_20", "", "R", 66.93, 66.93, 43.31, 270],
		[35, "PCB_A1_21", 1235.36, -596.69, "T", "DIP", "5V", "", "R", 55.12, 55.12, 35.43, 0],
		[36, "PCB_A1_21", 1235.36, -596.69, "B", "DIP", "5V", "", "R", 55.12, 55.12, 35.43, 0],
		[37, "PCB_A1_22", 1235.35, -696.69, "T", "DIP", "5V", "", "C", 55.12, 55.12, 35.43, 270],
		[38, "PCB_A1_22", 1235.35, -696.69, "B", "DIP", "5V", "", "C", 55.12, 55.12, 35.43, 270],
		[39, "PCB_A1_23", 1235.35, -796.69, "T", "DIP", "5V", "", "C", 55.12, 55.12, 35.43, 270],
		[40, "PCB_A1_23", 1235.35, -796.69, "B", "DIP", "5V", "", "C", 55.12, 55.12, 35.43, 270],
		[41, "PCB_A1_24", 1235.36, -2569.12, "T", "DIP", "3.3V", "", "R", 55.12, 55.12, 35.43, 0],
		[42, "PCB_A1_24", 1235.36, -2569.12, "B", "DIP", "3.3V", "", "R", 55.12, 55.12, 35.43, 0],
		[43, "PCB_A1_25", 1235.35, -2669.13, "T", "DIP", "3.3V", "", "C", 55.12, 55.12, 35.43, 270],
		[44, "PCB_A1_25", 1235.35, -2669.13, "B", "DIP", "3.3V", "", "C", 55.12, 55.12, 35.43, 270],
		[45, "PCB_A1_26", 1235.35, -2769.13, "T", "DIP", "GND", "GND", "C", 55.12, 55.12, 35.43, 270],
		[46, "PCB_A1_26", 1235.35, -2769.13, "B", "DIP", "GND", "GND", "C", 55.12, 55.12, 35.43, 270],
		[47, "PCB_A1_27", 60.55, -2769.13, "T", "DIP", "OT_1", "", "C", 55.12, 55.12, 35.43, 270],
		[48, "PCB_A1_27", 60.55, -2769.13, "B", "DIP", "OT_1", "", "C", 55.12, 55.12, 35.43, 270],
		[49, "PCB_A1_28", 60.55, -2669.13, "T", "DIP", "OT_2", "", "C", 55.12, 55.12, 35.43, 270],
		[50, "PCB_A1_28", 60.55, -2669.13, "B", "DIP", "OT_2", "", "C", 55.12, 55.12, 35.43, 270],
		[51, "PCB_A1_29", 60.56, -2569.12, "T", "DIP", "TEMP2", "", "C", 55.12, 55.12, 35.43, 0],
		[52, "PCB_A1_29", 60.56, -2569.12, "B", "DIP", "TEMP2", "", "C", 55.12, 55.12, 35.43, 0],
		[53, "PCB_A1_30", 60.55, -2469.13, "T", "DIP", "TEMP1", "", "R", 55.12, 55.12, 35.43, 0],
		[54, "PCB_A1_30", 60.55, -2469.13, "B", "DIP", "TEMP1", "", "R", 55.12, 55.12, 35.43, 0],
		[55, "PCB_B1_17", 1439.17, -896.69, "T", "DIP", "GND_B", "", "C", 66.93, 66.93, 43.31, 270],
		[56, "PCB_B1_17", 1439.17, -896.69, "B", "DIP", "GND_B", "", "C", 66.93, 66.93, 43.31, 270],
		[57, "PCB_B1_18", 1439.17, -796.69, "T", "DIP", "GND_B", "", "C", 66.93, 66.93, 43.31, 270],
		[58, "PCB_B1_18", 1439.17, -796.69, "B", "DIP", "GND_B", "", "C", 66.93, 66.93, 43.31, 270],
		[59, "PCB_B1_19", 1439.17, -696.69, "T", "DIP", "PCB_B1_19", "", "C", 66.93, 66.93, 43.31, 270],
		[60, "PCB_B1_19", 1439.17, -696.69, "B", "DIP", "PCB_B1_19", "", "C", 66.93, 66.93, 43.31, 270],
		[61, "PCB_B1_20", 1439.17, -596.69, "T", "DIP", "PCB_B1_20", "", "R", 66.93, 66.93, 43.31, 270],
		[62, "PCB_B1_20", 1439.17, -596.69, "B", "DIP", "PCB_B1_20", "", "R", 66.93, 66.93, 43.31, 270],
		[63, "PCB_B1_21", 2613.97, -596.69, "T", "DIP", "PCB_B1_21", "", "R", 55.12, 55.12, 35.43, 0],
		[64, "PCB_B1_21", 2613.97, -596.69, "B", "DIP", "PCB_B1_21", "", "R", 55.12, 55.12, 35.43, 0],
		[65, "PCB_B1_22", 2613.97, -696.69, "T", "DIP", "PCB_B1_22", "", "C", 55.12, 55.12, 35.43, 270],
		[66, "PCB_B1_22", 2613.97, -696.69, "B", "DIP", "PCB_B1_22", "", "C", 55.12, 55.12, 35.43, 270],
		[67, "PCB_B1_23", 2613.97, -796.69, "T", "DIP", "PCB_B1_23", "", "C", 55.12, 55.12, 35.43, 270],
		[68, "PCB_B1_23", 2613.97, -796.69, "B", "DIP", "PCB_B1_23", "", "C", 55.12, 55.12, 35.43, 270],
		[69, "PCB_B1_24", 2613.97, -2569.12, "T", "DIP", "3.3V_B", "", "R", 55.12, 55.12, 35.43, 0],
		[70, "PCB_B1_24", 2613.97, -2569.12, "B", "DIP", "3.3V_B", "", "R", 55.12, 55.12, 35.43, 0],
		[71, "PCB_B1_25", 2613.97, -2669.13, "T", "DIP", "3.3V_B", "", "C", 55.12, 55.12, 35.43, 270],
		[72, "PCB_B1_25", 2613.97, -2669.13, "B", "DIP", "3.3V_B", "", "C", 55.12, 55.12, 35.43, 270],
		[73, "PCB_B1_26", 2613.97, -2769.13, "T", "DIP", "GND_B", "", "C", 55.12, 55.12, 35.43, 270],
		[74, "PCB_B1_26", 2613.97, -2769.13, "B", "DIP", "GND_B", "", "C", 55.12, 55.12, 35.43, 270],
		[75, "PCB_B1_27", 1439.17, -2769.13, "T", "DIP", "OT_1_B", "", "C", 55.12, 55.12, 35.43, 270],
		[76, "PCB_B1_27", 1439.17, -2769.13, "B", "DIP", "OT_1_B", "", "C", 55.12, 55.12, 35.43, 270],
		[77, "PCB_B1_28", 1439.17, -2669.13, "T", "DIP", "OT_2_B", "", "C", 55.12, 55.12, 35.43, 270],
		[78, "PCB_B1_28", 1439.17, -2669.13, "B", "DIP", "OT_2_B", "", "C", 55.12, 55.12, 35.43, 270],
		[79, "PCB_B1_29", 1439.17, -2569.13, "T", "DIP", "TEMP2_B", "", "C", 55.12, 55.12, 35.43, 0],
		[80, "PCB_B1_29", 1439.17, -2569.13, "B", "DIP", "TEMP2_B", "", "C", 55.12, 55.12, 35.43, 0],
		[81, "PCB_B1_30", 1439.17, -2469.12, "T", "DIP", "TEMP1_B", "", "R", 55.12, 55.12, 35.43, 0],
		[82, "PCB_B1_30", 1439.17, -2469.12, "B", "DIP", "TEMP1_B", "", "R", 55.12, 55.12, 35.43, 0],
		[83, "Q1_1", 1904.75, -2507.4, "T", "SMD", "$3N977", "", "R", 42.13, 23.62, 0, 180],
		[84, "Q1_2", 1904.75, -2582.2, "T", "SMD", "$3N978", "", "R", 42.13, 23.62, 0, 180],
		[85, "Q1_3", 2002, -2544.8, "T", "SMD", "$3N979", "", "R", 42.13, 23.62, 0, 180],
		[86, "R1_1", 2423.67, -1977.83, "T", "SMD", "GND_B", "", "R", 44.59, 54.21, 0, 270],
		[87, "R1_2", 2423.67, -2056.57, "T", "SMD", "$3N1000", "", "R", 44.59, 54.21, 0, 270],
		[88, "R2_1", 420, -2554.37, "T", "SMD", "TEMP1", "", "R", 44.59, 54.21, 0, 90],
		[89, "R2_2", 420, -2475.63, "T", "SMD", "3.3V", "", "R", 44.59, 54.21, 0, 90],
		[90, "R3_1", 1793.37, -2599.17, "T", "SMD", "$3N978", "", "R", 44.59, 54.21, 0, 90],
		[91, "R3_2", 1793.37, -2520.43, "T", "SMD", "$3N977", "", "R", 44.59, 54.21, 0, 90],
		[92, "R4_1", 2128.37, -2569.17, "T", "SMD", "$3N974", "", "R", 44.59, 54.21, 0, 90],
		[93, "R4_2", 2128.37, -2490.43, "T", "SMD", "$3N979", "", "R", 44.59, 54.21, 0, 90],
		[94, "R5_1", 2233.37, -2490.43, "T", "SMD", "$3N975", "", "R", 44.59, 54.21, 0, 270],
		[95, "R5_2", 2233.37, -2569.17, "T", "SMD", "$3N974", "", "R", 44.59, 54.21, 0, 270],
		[96, "R6_1", 1799, -2209.8, "T", "SMD", "$3N973", "", "R", 44.59, 54.21, 0, 0],
		[97, "R6_2", 1877.74, -2209.8, "T", "SMD", "OT_OUT", "", "R", 44.59, 54.21, 0, 0],
		[98, "R7_1", 2252.74, -2209.8, "T", "SMD", "OT_IN", "", "R", 44.59, 54.21, 0, 180],
		[99, "R7_2", 2174, -2209.8, "T", "SMD", "GND_B", "", "R", 44.59, 54.21, 0, 180],
		[100, "R8_1", 2060.67, -2056.57, "T", "SMD", "$3N999", "", "R", 44.59, 54.21, 0, 90],
		[101, "R8_2", 2060.67, -1977.83, "T", "SMD", "GND_B", "", "R", 44.59, 54.21, 0, 90],
		[102, "R9_1", 1624.17, -2056.57, "T", "SMD", "$3N998", "", "R", 44.59, 54.21, 0, 90],
		[103, "R9_2", 1624.17, -1977.83, "T", "SMD", "GND_B", "", "R", 44.59, 54.21, 0, 90],
		[104, "R10_1", 575, -2475.63, "T", "SMD", "3.3V", "", "R", 44.59, 54.21, 0, 270],
		[105, "R10_2", 575, -2554.37, "T", "SMD", "TEMP2", "", "R", 44.59, 54.21, 0, 270],
		[106, "U1_1", 1595, -1595, "T", "DIP", "U1_1", "", "C", 59.37, 59.37, 39.37, 180],
		[107, "U1_1", 1595, -1595, "B", "DIP", "U1_1", "", "C", 59.37, 59.37, 39.37, 180],
		[108, "U1_2", 1595, -1495, "T", "DIP", "U1_2", "", "C", 59.37, 59.37, 39.37, 180],
		[109, "U1_2", 1595, -1495, "B", "DIP", "U1_2", "", "C", 59.37, 59.37, 39.37, 180],
		[110, "U1_3", 1595, -1395, "T", "DIP", "OT_OUT", "", "C", 59.37, 59.37, 39.37, 180],
		[111, "U1_3", 1595, -1395, "B", "DIP", "OT_OUT", "", "C", 59.37, 59.37, 39.37, 180],
		[112, "U1_4", 1595, -1295, "T", "DIP", "OT_IN", "", "C", 59.37, 59.37, 39.37, 180],
		[113, "U1_4", 1595, -1295, "B", "DIP", "OT_IN", "", "C", 59.37, 59.37, 39.37, 180],
		[114, "U1_5", 1595, -1195, "T", "DIP", "U1_5", "", "C", 59.37, 59.37, 39.37, 180],
		[115, "U1_5", 1595, -1195, "B", "DIP", "U1_5", "", "C", 59.37, 59.37, 39.37, 180],
		[116, "U1_6", 1595, -1095, "T", "DIP", "U1_6", "", "C", 59.37, 59.37, 39.37, 180],
		[117, "U1_6", 1595, -1095, "B", "DIP", "U1_6", "", "C", 59.37, 59.37, 39.37, 180],
		[118, "U1_7", 1595, -995, "T", "DIP", "GND_B", "", "C", 59.37, 59.37, 39.37, 180],
		[119, "U1_7", 1595, -995, "B", "DIP", "GND_B", "", "C", 59.37, 59.37, 39.37, 180],
		[120, "U1_8", 1595, -895, "T", "DIP", "U1_8", "", "C", 59.37, 59.37, 39.37, 180],
		[121, "U1_8", 1595, -895, "B", "DIP", "U1_8", "", "C", 59.37, 59.37, 39.37, 180],
		[122, "U1_9", 2495, -1595, "T", "DIP", "U1_9", "", "C", 59.37, 59.37, 39.37, 180],
		[123, "U1_9", 2495, -1595, "B", "DIP", "U1_9", "", "C", 59.37, 59.37, 39.37, 180],
		[124, "U1_10", 2495, -1495, "T", "DIP", "U1_10", "", "C", 59.37, 59.37, 39.37, 180],
		[125, "U1_10", 2495, -1495, "B", "DIP", "U1_10", "", "C", 59.37, 59.37, 39.37, 180],
		[126, "U1_11", 2495, -1395, "T", "DIP", "U1_11", "", "C", 59.37, 59.37, 39.37, 180],
		[127, "U1_11", 2495, -1395, "B", "DIP", "U1_11", "", "C", 59.37, 59.37, 39.37, 180],
		[128, "U1_12", 2495, -1295, "T", "DIP", "TEMP2_B", "", "C", 59.37, 59.37, 39.37, 180],
		[129, "U1_12", 2495, -1295, "B", "DIP", "TEMP2_B", "", "C", 59.37, 59.37, 39.37, 180],
		[130, "U1_13", 2495, -1195, "T", "DIP", "TEMP1_B", "", "C", 59.37, 59.37, 39.37, 180],
		[131, "U1_13", 2495, -1195, "B", "DIP", "TEMP1_B", "", "C", 59.37, 59.37, 39.37, 180],
		[132, "U1_14", 2495, -1095, "T", "DIP", "$3N984", "", "C", 59.37, 59.37, 39.37, 180],
		[133, "U1_14", 2495, -1095, "B", "DIP", "$3N984", "", "C", 59.37, 59.37, 39.37, 180],
		[134, "U1_15", 2495, -995, "T", "DIP", "$3N983", "", "C", 59.37, 59.37, 39.37, 180],
		[135, "U1_15", 2495, -995, "B", "DIP", "$3N983", "", "C", 59.37, 59.37, 39.37, 180],
		[136, "U1_16", 2495, -895, "T", "DIP", "3.3V_B", "", "C", 59.37, 59.37, 39.37, 180],
		[137, "U1_16", 2495, -895, "B", "DIP", "3.3V_B", "", "C", 59.37, 59.37, 39.37, 180],
		[138, "U2_1", 979.65, -1103.46, "T", "DIP", "N", "", "C", 78.74, 78.74, 47.24, 270],
		[139, "U2_1", 979.65, -1103.46, "B", "DIP", "N", "", "C", 78.74, 78.74, 47.24, 270],
		[140, "U2_2", 782.8, -1103.46, "T", "DIP", "$2N2675", "", "C", 78.74, 78.74, 47.24, 270],
		[141, "U2_2", 782.8, -1103.46, "B", "DIP", "$2N2675", "", "C", 78.74, 78.74, 47.24, 270],
		[142, "U2_3", 1184.37, -2260.94, "T", "DIP", "GND", "GND", "C", 78.74, 78.74, 47.24, 270],
		[143, "U2_3", 1184.37, -2260.94, "B", "DIP", "GND", "GND", "C", 78.74, 78.74, 47.24, 270],
		[144, "U2_4", 578.07, -2260.94, "T", "DIP", "$2N2678", "", "C", 78.74, 78.74, 47.24, 270],
		[145, "U2_4", 578.07, -2260.94, "B", "DIP", "$2N2678", "", "C", 78.74, 78.74, 47.24, 270],
		[146, "U3_1", 348.15, -2022.75, "T", "SMD", "GND", "GND", "R", 98.42, 43.31, 0, 0],
		[147, "U3_2", 348.15, -1932.21, "T", "SMD", "3.3V", "", "R", 98.42, 43.31, 0, 0],
		[148, "U3_3", 348.15, -1841.66, "T", "SMD", "5V", "", "R", 98.42, 43.31, 0, 0],
		[149, "U3_4", 114.29, -1932.21, "T", "SMD", "3.3V", "", "R", 92.13, 141.73, 0, 0],
		[150, "U4_1", 1678.38, -2207.96, "T", "SMD", "$3N973", "", "R", 70.87, 62.99, 0, 270],
		[151, "U4_2", 1578.38, -2207.96, "T", "SMD", "GND_B", "", "R", 70.87, 62.99, 0, 270],
		[152, "U4_3", 1578.38, -2601.65, "T", "SMD", "$3N976", "", "R", 70.87, 62.99, 0, 270],
		[153, "U4_4", 1678.38, -2601.65, "T", "SMD", "$3N977", "", "R", 70.87, 62.99, 0, 270],
		[154, "U5_1", 2373.37, -2601.65, "T", "SMD", "$3N974", "", "R", 70.87, 62.99, 0, 90],
		[155, "U5_2", 2473.37, -2601.65, "T", "SMD", "$3N975", "", "R", 70.87, 62.99, 0, 90],
		[156, "U5_3", 2473.37, -2207.96, "T", "SMD", "OT_IN", "", "R", 70.87, 62.99, 0, 90],
		[157, "U5_4", 2373.37, -2207.96, "T", "SMD", "3.3V_B", "", "R", 70.87, 62.99, 0, 90],
		[158, "U6_1", 550, -168, "T", "DIP", "N", "", "C", 98.42, 98.42, 51.18, 180],
		[159, "U6_1", 550, -168, "B", "DIP", "N", "", "C", 98.42, 98.42, 51.18, 180],
		[160, "U6_2", 353.15, -168, "T", "DIP", "U6_2", "", "C", 98.42, 98.42, 51.18, 180],
		[161, "U6_2", 353.15, -168, "B", "DIP", "U6_2", "", "C", 98.42, 98.42, 51.18, 180],
		[162, "U6_3", 156.3, -168, "T", "DIP", "L", "", "C", 98.42, 98.42, 51.18, 180],
		[163, "U6_3", 156.3, -168, "B", "DIP", "L", "", "C", 98.42, 98.42, 51.18, 180],
		[164, "U7_1", 1141.5, -168, "T", "DIP", "5V", "", "C", 98.42, 98.42, 51.18, 180],
		[165, "U7_1", 1141.5, -168, "B", "DIP", "5V", "", "C", 98.42, 98.42, 51.18, 180],
		[166, "U7_2", 944.65, -168, "T", "DIP", "GND", "GND", "C", 98.42, 98.42, 51.18, 180],
		[167, "U7_2", 944.65, -168, "B", "DIP", "GND", "GND", "C", 98.42, 98.42, 51.18, 180],
		[168, "U7_3", 747.8, -168, "T", "DIP", "U7_3", "", "C", 98.42, 98.42, 51.18, 180],
		[169, "U7_3", 747.8, -168, "B", "DIP", "U7_3", "", "C", 98.42, 98.42, 51.18, 180],
		[170, "U8_1", 747.5, -3198.5, "T", "DIP", "TEMP2", "", "C", 98.42, 98.42, 51.18, 0],
		[171, "U8_1", 747.5, -3198.5, "B", "DIP", "TEMP2", "", "C", 98.42, 98.42, 51.18, 0],
		[172, "U8_2", 944.35, -3198.5, "T", "DIP", "GND", "GND", "C", 98.42, 98.42, 51.18, 0],
		[173, "U8_2", 944.35, -3198.5, "B", "DIP", "GND", "GND", "C", 98.42, 98.42, 51.18, 0],
		[174, "U8_3", 1141.2, -3198.5, "T", "DIP", "3.3V", "", "C", 98.42, 98.42, 51.18, 0],
		[175, "U8_3", 1141.2, -3198.5, "B", "DIP", "3.3V", "", "C", 98.42, 98.42, 51.18, 0],
		[176, "U9_1", 157, -3198.5, "T", "DIP", "OT_1", "", "C", 98.42, 98.42, 51.18, 0],
		[177, "U9_1", 157, -3198.5, "B", "DIP", "OT_1", "", "C", 98.42, 98.42, 51.18, 0],
		[178, "U9_2", 353.85, -3198.5, "T", "DIP", "OT_2", "", "C", 98.42, 98.42, 51.18, 0],
		[179, "U9_2", 353.85, -3198.5, "B", "DIP", "OT_2", "", "C", 98.42, 98.42, 51.18, 0],
		[180, "U9_3", 550.7, -3198.5, "T", "DIP", "TEMP1", "", "C", 98.42, 98.42, 51.18, 0],
		[181, "U9_3", 550.7, -3198.5, "B", "DIP", "TEMP1", "", "C", 98.42, 98.42, 51.18, 0],
		[182, "VAR1_1", 906.02, -582.37, "T", "DIP", "N", "", "C", 78.74, 78.74, 47.24, 270],
		[183, "VAR1_1", 906.02, -582.37, "B", "DIP", "N", "", "C", 78.74, 78.74, 47.24, 270],
		[184, "VAR1_2", 783.98, -877.65, "T", "DIP", "$2N2675", "", "C", 78.74, 78.74, 47.24, 270],
		[185, "VAR1_2", 783.98, -877.65, "B", "DIP", "$2N2675", "", "C", 78.74, 78.74, 47.24, 270],
		[186, "ZD1_1", 2111.88, -2344.8, "T", "SMD", "$3N979", "", "R", 56.69, 63.78, 0, 0],
		[187, "ZD1_2", 2250.86, -2344.8, "T", "SMD", "$3N975", "", "R", 56.69, 63.78, 0, 0],
		[188, "ZD2_1", 1793.88, -2407.2, "T", "SMD", "$3N977", "", "R", 56.69, 63.78, 0, 0],
		[189, "ZD2_2", 1932.86, -2407.2, "T", "SMD", "$3N975", "", "R", 56.69, 63.78, 0, 0],
		[190, "ZD3_1", 1793.88, -2299.8, "T", "SMD", "$3N976", "", "R", 56.69, 63.78, 0, 0],
		[191, "ZD3_2", 1932.86, -2299.8, "T", "SMD", "$3N975", "", "R", 56.69, 63.78, 0, 0],
		[192, "PAD1_30", 1578.37, -2255, "T", "DIP", "GND_B", "", "C", 60, 60, 36, 0],
		[193, "PAD1_30", 1578.37, -2255, "B", "DIP", "GND_B", "", "C", 60, 60, 36, 0],
		[194, "PAD2_31", 1678.37, -2255, "T", "DIP", "$3N973", "", "C", 60, 60, 36, 0],
		[195, "PAD2_31", 1678.37, -2255, "B", "DIP", "$3N973", "", "C", 60, 60, 36, 0],
		[196, "PAD3_32", 1578.37, -2555, "T", "DIP", "$3N976", "", "C", 60, 60, 36, 0],
		[197, "PAD3_32", 1578.37, -2555, "B", "DIP", "$3N976", "", "C", 60, 60, 36, 0],
		[198, "PAD4_33", 1678.37, -2555, "T", "DIP", "$3N977", "", "C", 60, 60, 36, 0],
		[199, "PAD4_33", 1678.37, -2555, "B", "DIP", "$3N977", "", "C", 60, 60, 36, 0],
		[200, "PAD5_34", 2373.37, -2255, "T", "DIP", "3.3V_B", "", "C", 60, 60, 36, 0],
		[201, "PAD5_34", 2373.37, -2255, "B", "DIP", "3.3V_B", "", "C", 60, 60, 36, 0],
		[202, "PAD6_35", 2473.4, -2255, "T", "DIP", "OT_IN", "", "C", 60, 60, 36, 0],
		[203, "PAD6_35", 2473.4, -2255, "B", "DIP", "OT_IN", "", "C", 60, 60, 36, 0],
		[204, "PAD7_36", 2373.37, -2555, "T", "DIP", "$3N974", "", "C", 60, 60, 36, 0],
		[205, "PAD7_36", 2373.37, -2555, "B", "DIP", "$3N974", "", "C", 60, 60, 36, 0],
		[206, "PAD8_37", 2473.37, -2555, "T", "DIP", "$3N975", "", "C", 60, 60, 36, 0],
		[207, "PAD8_37", 2473.37, -2555, "B", "DIP", "$3N975", "", "C", 60, 60, 36, 0],
		[208, "PAD9_38", 143.5, -1200.01, "T", "DIP", "5V", "", "C", 50, 50, 35, 0],
		[209, "PAD9_38", 143.5, -1200.01, "B", "DIP", "5V", "", "C", 50, 50, 35, 0],
		[210, "PAD10_39", 289.5, -1200.01, "T", "DIP", "$2N2678", "", "C", 50, 50, 36, 0],
		[211, "PAD10_39", 289.5, -1200.01, "B", "DIP", "$2N2678", "", "C", 50, 50, 36, 0],
		[212, "PAD11_40", 2527.17, -1971.39, "T", "DIP", "3.3V_B", "", "C", 40, 40, 30, 270],
		[213, "PAD11_40", 2527.17, -1971.39, "B", "DIP", "3.3V_B", "", "C", 40, 40, 30, 270],
		[214, "PAD12_41", 2527.17, -2058.02, "T", "DIP", "$3N1000", "", "C", 40, 40, 30, 270],
		[215, "PAD12_41", 2527.17, -2058.02, "B", "DIP", "$3N1000", "", "C", 40, 40, 30, 270],
		[216, "PAD13_42", 1727.17, -1971.4, "T", "DIP", "$3N983", "", "C", 40, 40, 30, 270],
		[217, "PAD13_42", 1727.17, -1971.4, "B", "DIP", "$3N983", "", "C", 40, 40, 30, 270],
		[218, "PAD14_43", 1727.17, -2058.02, "T", "DIP", "$3N998", "", "C", 40, 40, 30, 270],
		[219, "PAD14_43", 1727.17, -2058.02, "B", "DIP", "$3N998", "", "C", 40, 40, 30, 270],
		[220, "PAD15_44", 2164.18, -2058.02, "T", "DIP", "$3N999", "", "C", 40, 40, 30, 270],
		[221, "PAD15_44", 2164.18, -2058.02, "B", "DIP", "$3N999", "", "C", 40, 40, 30, 270],
		[222, "PAD16_45", 2164.5, -1971.5, "T", "DIP", "$3N984", "", "C", 40, 40, 30, 270],
		[223, "PAD16_45", 2164.5, -1971.5, "B", "DIP", "$3N984", "", "C", 40, 40, 30, 270]
	]
}
}